recu,epochs,Learning Rate,Loss,Optimizer,Threshold,accuracy per epoch,loss per epoch
100.0,10.0,0.0001,BCE,Adam,1.36,"[[78.0], [74.0], [78.0], [82.0], [99.0], [98.0], [94.0], [98.0], [97.0], [95.0]]","[[12.986400604248047], [12.274215698242188], [11.31063461303711], [9.336210250854492], [2.8456156253814697], [2.256021738052368], [9.436363220214844], [1.8586487770080566], [6.33818244934082], [2.045574426651001]]"
